{
  "plain": {
    "r2_theta": 0.9981989860534668,
    "mse_theta": 0.00886431336402893,
    "r2_omega": -0.08039557933807373,
    "mse_omega": 14.59281063079834
  },
  "hnn": {
    "r2_theta": 0.9976288676261902,
    "mse_theta": 0.011181915178894997,
    "r2_omega": -0.01201164722442627,
    "mse_omega": 13.214855194091797
  },
  "lnn": {
    "r2_theta": 0.9966651201248169,
    "mse_theta": 0.016405096277594566,
    "r2_omega": -0.058231234550476074,
    "mse_omega": 13.197660446166992
  },
  "hnn+lnn": {
    "r2_theta": 0.998557984828949,
    "mse_theta": 0.006861287169158459,
    "r2_omega": -0.0007132291793823242,
    "mse_omega": 13.339000701904297
  }
}