{
  "plain": {
    "r2_theta": 0.9942466020584106,
    "mse_theta": 0.027805205434560776,
    "r2_omega": -0.13237929344177246,
    "mse_omega": 12.640268325805664
  },
  "hnn": {
    "r2_theta": 0.9988393187522888,
    "mse_theta": 0.005818773992359638,
    "r2_omega": -0.0011239051818847656,
    "mse_omega": 11.8892183303833
  },
  "lnn": {
    "r2_theta": 0.9976058006286621,
    "mse_theta": 0.011806762777268887,
    "r2_omega": -0.009387850761413574,
    "mse_omega": 12.34219741821289
  },
  "hnn+lnn": {
    "r2_theta": 0.9965093731880188,
    "mse_theta": 0.017390944063663483,
    "r2_omega": 0.0008450746536254883,
    "mse_omega": 12.188932418823242
  }
}