{
  "plain": {
    "r2_theta": 0.9979634881019592,
    "mse_theta": 0.00911810714751482,
    "r2_omega": -0.05976533889770508,
    "mse_omega": 14.815459251403809
  },
  "hnn": {
    "r2_theta": 0.9973012804985046,
    "mse_theta": 0.012787739746272564,
    "r2_omega": -0.0005855560302734375,
    "mse_omega": 13.536211013793945
  },
  "lnn": {
    "r2_theta": 0.9969878196716309,
    "mse_theta": 0.013570346869528294,
    "r2_omega": -0.14707815647125244,
    "mse_omega": 16.467336654663086
  },
  "hnn+lnn": {
    "r2_theta": 0.9985637068748474,
    "mse_theta": 0.006435018498450518,
    "r2_omega": -0.0005286931991577148,
    "mse_omega": 14.742552757263184
  }
}