{
  "\u0394_div": 0.10255179554224014,
  "E_drift": 1.6224884986877441
}