{
  "\u0394_div": 2.003871202468872,
  "E_drift": 9.790180206298828,
  "EL_res": 8.031479956116527e-05
}