{
  "plain": {
    "r2_theta": 0.9999796152114868,
    "mse_theta": 9.73064816207625e-05,
    "r2_omega": 0.29609614610671997,
    "mse_omega": 9.921295166015625
  },
  "hnn": {
    "r2_theta": 0.9999791979789734,
    "mse_theta": 9.443904855288565e-05,
    "r2_omega": 0.27099835872650146,
    "mse_omega": 9.27684211730957
  },
  "lnn": {
    "r2_theta": 0.9999813437461853,
    "mse_theta": 9.123844210989773e-05,
    "r2_omega": 0.2531147003173828,
    "mse_omega": 10.585156440734863
  },
  "hnn+lnn": {
    "r2_theta": 0.9999790787696838,
    "mse_theta": 9.634550951886922e-05,
    "r2_omega": 0.2953941226005554,
    "mse_omega": 9.252267837524414
  }
}