{
  "plain": {
    "\u0394_div": 0.1295238584280014,
    "E_drift": 10.52688217163086,
    "\u03b1_MSE": 51.86897277832031,
    "R2_lat": 0.9999810656118786,
    "EL_res": NaN
  },
  "hnn": {
    "\u0394_div": 0.10257886350154877,
    "E_drift": 1.4876724481582642,
    "\u03b1_MSE": 43.563377380371094,
    "R2_lat": 0.9999810656116179,
    "EL_res": NaN
  },
  "lnn": {
    "\u0394_div": 1.8351854085922241,
    "E_drift": 9.947497367858887,
    "\u03b1_MSE": 72.76123046875,
    "R2_lat": 0.9999810656097169,
    "EL_res": 7.486382673960179e-05
  },
  "hnn+lnn": {
    "\u0394_div": 0.09030360728502274,
    "E_drift": 2.611436367034912,
    "\u03b1_MSE": 42.91047286987305,
    "R2_lat": 0.9999810656114,
    "EL_res": 6.875476628920296e-06
  }
}