{
  "\u0394_div": 1.8351854085922241,
  "E_drift": 9.947497367858887,
  "EL_res": 7.486382673960179e-05
}