{
  "\u0394_div": 0.09030360728502274,
  "E_drift": 2.611436367034912,
  "EL_res": 6.875476628920296e-06
}