{
  "\u0394_div": 0.10257886350154877,
  "E_drift": 1.4876724481582642
}