{
  "\u0394_div": 0.1295238584280014,
  "E_drift": 10.52688217163086
}