{
  "\u0394_div": 0.7958596348762512,
  "E_drift": 3.979555130004883,
  "accel_mse": 39.42106628417969,
  "\u0394_rate": 0.0026418918278068304,
  "E_rate": 0.06751320511102676,
  "r2_theta": 0.9798592925071716,
  "mse_theta": 0.07929906249046326,
  "r2_omega": -0.009967684745788574,
  "mse_omega": 10.542354583740234
}