{
  "\u0394_div": 0.07060058414936066,
  "E_drift": 13.856125831604004,
  "accel_mse": 48.54098129272461,
  "\u0394_rate": 0.0007539675571024418,
  "E_rate": 0.23553869128227234,
  "r2_theta": -0.05482339859008789,
  "mse_theta": 4.153102874755859,
  "r2_omega": -0.06714081764221191,
  "mse_omega": 11.139145851135254
}