{
  "\u0394_div": 1.9045051336288452,
  "E_drift": 36.923797607421875,
  "accel_mse": 139.91958618164062,
  "EL_res": 0.004444996826350689,
  "\u0394_rate": 0.026569588109850883,
  "E_rate": 0.48112282156944275,
  "EL_rate": -0.0001965497056596593,
  "r2_theta": -0.0016919374465942383,
  "mse_theta": 3.9439101219177246,
  "r2_omega": -0.007071733474731445,
  "mse_omega": 10.512126922607422
}