{
  "\u0394_div": 24.655725479125977,
  "E_drift": 74.77051544189453,
  "accel_mse": 214.95887756347656,
  "EL_res": 0.0021266944240778685,
  "\u0394_rate": 0.4050768315792084,
  "E_rate": 1.395640254020691,
  "EL_rate": 0.0014690950659422782,
  "r2_theta": 0.982903778553009,
  "mse_theta": 0.06731211394071579,
  "r2_omega": -0.011903643608093262,
  "mse_omega": 10.562564849853516
}