{
  "\u0394_div": 0.05065646395087242,
  "E_drift": 2.593050479888916,
  "accel_mse": 10.626850128173828,
  "\u0394_rate": 0.0004779377195518464,
  "E_rate": 0.035039909183979034,
  "r2_theta": -0.008200526237487793,
  "mse_theta": 3.9695358276367188,
  "r2_omega": 0.00037539005279541016,
  "mse_omega": 10.434391021728516
}