{
  "\u0394_div": 0.9595778584480286,
  "E_drift": 3.46138072013855,
  "accel_mse": 35.84079360961914,
  "EL_res": 0.00809895247220993,
  "\u0394_rate": 0.014580678194761276,
  "E_rate": 0.06540215015411377,
  "EL_rate": -0.003224870696593496,
  "r2_theta": -0.04102933406829834,
  "mse_theta": 4.098791599273682,
  "r2_omega": -0.006512165069580078,
  "mse_omega": 10.50628662109375
}