{
  "plain": {
    "\u0394_div": 0.07060058414936066,
    "E_drift": 13.856125831604004,
    "accel_mse": 48.54098129272461,
    "\u0394_rate": 0.0007539675571024418,
    "E_rate": 0.23553869128227234,
    "r2_theta": -0.05482339859008789,
    "mse_theta": 4.153102874755859,
    "r2_omega": -0.06714081764221191,
    "mse_omega": 11.139145851135254
  },
  "hnn": {
    "\u0394_div": 0.05065646395087242,
    "E_drift": 2.593050479888916,
    "accel_mse": 10.626850128173828,
    "\u0394_rate": 0.0004779377195518464,
    "E_rate": 0.035039909183979034,
    "r2_theta": -0.008200526237487793,
    "mse_theta": 3.9695358276367188,
    "r2_omega": 0.00037539005279541016,
    "mse_omega": 10.434391021728516
  },
  "lnn": {
    "\u0394_div": 2.7498035430908203,
    "E_drift": 13.179621696472168,
    "accel_mse": 143.2428741455078,
    "EL_res": 0.07166203111410141,
    "\u0394_rate": 0.038533296436071396,
    "E_rate": 0.2968388497829437,
    "EL_rate": -0.025886563147394296,
    "r2_theta": -0.10491323471069336,
    "mse_theta": 4.350318908691406,
    "r2_omega": -0.01514887809753418,
    "mse_omega": 10.596439361572266
  },
  "hnn+lnn": {
    "\u0394_div": 0.9595778584480286,
    "E_drift": 3.46138072013855,
    "accel_mse": 35.84079360961914,
    "EL_res": 0.00809895247220993,
    "\u0394_rate": 0.014580678194761276,
    "E_rate": 0.06540215015411377,
    "EL_rate": -0.003224870696593496,
    "r2_theta": -0.04102933406829834,
    "mse_theta": 4.098791599273682,
    "r2_omega": -0.006512165069580078,
    "mse_omega": 10.50628662109375
  }
}