{
  "plain": {
    "\u0394_div": 0.7958596348762512,
    "E_drift": 3.979555130004883,
    "accel_mse": 39.42106628417969,
    "\u0394_rate": 0.0026418918278068304,
    "E_rate": 0.06751320511102676,
    "r2_theta": 0.9798592925071716,
    "mse_theta": 0.07929906249046326,
    "r2_omega": -0.009967684745788574,
    "mse_omega": 10.542354583740234
  },
  "hnn": {
    "\u0394_div": 0.7102752923965454,
    "E_drift": 7.103325843811035,
    "accel_mse": 45.678157806396484,
    "\u0394_rate": 0.0013406277867034078,
    "E_rate": 0.12204805016517639,
    "r2_theta": 0.9813362956047058,
    "mse_theta": 0.07348374277353287,
    "r2_omega": -0.02722954750061035,
    "mse_omega": 10.722539901733398
  },
  "lnn": {
    "\u0394_div": 24.655725479125977,
    "E_drift": 74.77051544189453,
    "accel_mse": 214.95887756347656,
    "EL_res": 0.0021266944240778685,
    "\u0394_rate": 0.4050768315792084,
    "E_rate": 1.395640254020691,
    "EL_rate": 0.0014690950659422782,
    "r2_theta": 0.982903778553009,
    "mse_theta": 0.06731211394071579,
    "r2_omega": -0.011903643608093262,
    "mse_omega": 10.562564849853516
  },
  "hnn+lnn": {
    "\u0394_div": 2.380068302154541,
    "E_drift": 3.9368896484375,
    "accel_mse": 48.44831085205078,
    "EL_res": 5.671125836670399e-05,
    "\u0394_rate": 0.026936588808894157,
    "E_rate": 0.06744294613599777,
    "EL_rate": -1.5820118753885078e-06,
    "r2_theta": 0.9786649346351624,
    "mse_theta": 0.08400136232376099,
    "r2_omega": -0.004893302917480469,
    "mse_omega": 10.489387512207031
  }
}