{
  "\u0394_div": 2.7498035430908203,
  "E_drift": 13.179621696472168,
  "accel_mse": 143.2428741455078,
  "EL_res": 0.07166203111410141,
  "\u0394_rate": 0.038533296436071396,
  "E_rate": 0.2968388497829437,
  "EL_rate": -0.025886563147394296,
  "r2_theta": -0.10491323471069336,
  "mse_theta": 4.350318908691406,
  "r2_omega": -0.01514887809753418,
  "mse_omega": 10.596439361572266
}