{
  "\u0394_div": 0.13282053172588348,
  "E_drift": 0.10559994727373123,
  "accel_mse": 49.03144073486328,
  "EL_res": 0.0004047814873047173,
  "\u0394_rate": 0.0025429422967135906,
  "E_rate": 0.005070239305496216,
  "EL_rate": -0.00025846703282890736,
  "r2_theta": -0.0013920068740844727,
  "mse_theta": 3.9427292346954346,
  "r2_omega": -0.1729978322982788,
  "mse_omega": 12.24411392211914
}