{
  "\u0394_div": 0.04407551884651184,
  "E_drift": 13.958669662475586,
  "accel_mse": 54.70222473144531,
  "\u0394_rate": 0.00041382788913324475,
  "E_rate": 0.2545017898082733,
  "r2_theta": 0.0014477968215942383,
  "mse_theta": 3.931548833847046,
  "r2_omega": -0.04779958724975586,
  "mse_omega": 10.937255859375
}