{
  "\u0394_div": 0.020376406610012054,
  "E_drift": 2.058298110961914,
  "accel_mse": 22.91974639892578,
  "\u0394_rate": 3.8365011278074235e-05,
  "E_rate": 0.012307853437960148,
  "r2_theta": -0.11540508270263672,
  "mse_theta": 4.391627311706543,
  "r2_omega": -0.007701873779296875,
  "mse_omega": 10.518704414367676
}