{
  "\u0394_div": 2.380068302154541,
  "E_drift": 3.9368896484375,
  "accel_mse": 48.44831085205078,
  "EL_res": 5.671125836670399e-05,
  "\u0394_rate": 0.026936588808894157,
  "E_rate": 0.06744294613599777,
  "EL_rate": -1.5820118753885078e-06,
  "r2_theta": 0.9786649346351624,
  "mse_theta": 0.08400134742259979,
  "r2_omega": -0.004893302917480469,
  "mse_omega": 10.489387512207031
}