{
  "plain": {
    "\u0394_div": 0.04407551884651184,
    "E_drift": 13.958669662475586,
    "accel_mse": 54.70222473144531,
    "\u0394_rate": 0.00041382788913324475,
    "E_rate": 0.2545017898082733,
    "r2_theta": 0.0014477968215942383,
    "mse_theta": 3.931548833847046,
    "r2_omega": -0.04779958724975586,
    "mse_omega": 10.937255859375
  },
  "hnn": {
    "\u0394_div": 0.020376406610012054,
    "E_drift": 2.058298110961914,
    "accel_mse": 22.91974639892578,
    "\u0394_rate": 3.8365011278074235e-05,
    "E_rate": 0.012307853437960148,
    "r2_theta": -0.11540508270263672,
    "mse_theta": 4.391627311706543,
    "r2_omega": -0.007701873779296875,
    "mse_omega": 10.518704414367676
  },
  "lnn": {
    "\u0394_div": 1.9045051336288452,
    "E_drift": 36.923797607421875,
    "accel_mse": 139.91958618164062,
    "EL_res": 0.004444996826350689,
    "\u0394_rate": 0.026569588109850883,
    "E_rate": 0.48112282156944275,
    "EL_rate": -0.0001965497056596593,
    "r2_theta": -0.0016919374465942383,
    "mse_theta": 3.9439101219177246,
    "r2_omega": -0.007071733474731445,
    "mse_omega": 10.512126922607422
  },
  "hnn+lnn": {
    "\u0394_div": 0.13282053172588348,
    "E_drift": 0.10559994727373123,
    "accel_mse": 49.03144073486328,
    "EL_res": 0.0004047814873047173,
    "\u0394_rate": 0.0025429422967135906,
    "E_rate": 0.005070239305496216,
    "EL_rate": -0.00025846703282890736,
    "r2_theta": -0.0013920068740844727,
    "mse_theta": 3.9427292346954346,
    "r2_omega": -0.1729978322982788,
    "mse_omega": 12.24411392211914
  }
}