{
  "\u0394_div": 0.7102752923965454,
  "E_drift": 7.103325843811035,
  "accel_mse": 45.678157806396484,
  "\u0394_rate": 0.0013406277867034078,
  "E_rate": 0.12204805016517639,
  "r2_theta": 0.9813362956047058,
  "mse_theta": 0.07348374277353287,
  "r2_omega": -0.02722954750061035,
  "mse_omega": 10.722539901733398
}