{
  "plain": {
    "r2_theta": 0.9979379773139954,
    "mse_theta": 0.010361931286752224,
    "r2_omega": -0.09450078010559082,
    "mse_omega": 13.064562797546387
  },
  "hnn": {
    "r2_theta": 0.9976502060890198,
    "mse_theta": 0.011523597873747349,
    "r2_omega": -0.002331852912902832,
    "mse_omega": 11.8417387008667
  },
  "lnn": {
    "r2_theta": 0.9970394372940063,
    "mse_theta": 0.014557013288140297,
    "r2_omega": -0.11440551280975342,
    "mse_omega": 13.794427871704102
  },
  "hnn+lnn": {
    "r2_theta": 0.998515248298645,
    "mse_theta": 0.00788823515176773,
    "r2_omega": -0.0002720355987548828,
    "mse_omega": 13.273131370544434
  }
}