{
  "plain": {
    "r2_theta": 0.9936550855636597,
    "mse_theta": 0.027538584545254707,
    "r2_omega": -0.004913210868835449,
    "mse_omega": 13.184989929199219
  },
  "hnn": {
    "r2_theta": 0.9973938465118408,
    "mse_theta": 0.011425944976508617,
    "r2_omega": -0.003164529800415039,
    "mse_omega": 14.103584289550781
  },
  "lnn": {
    "r2_theta": 0.9961872696876526,
    "mse_theta": 0.01805221103131771,
    "r2_omega": -0.12234330177307129,
    "mse_omega": 14.857417106628418
  },
  "hnn+lnn": {
    "r2_theta": 0.996340274810791,
    "mse_theta": 0.016397010535001755,
    "r2_omega": -0.009222745895385742,
    "mse_omega": 13.680373191833496
  }
}