{
  "\u0394_div": 0.12126506119966507,
  "E_drift": 10.725542068481445
}