{
  "plain": {
    "r2_theta": 0.9999808669090271,
    "mse_theta": 9.310909081250429e-05,
    "r2_omega": 0.2355775237083435,
    "mse_omega": 9.41842269897461
  },
  "hnn": {
    "r2_theta": 0.9999813437461853,
    "mse_theta": 9.194109588861465e-05,
    "r2_omega": 0.23699700832366943,
    "mse_omega": 10.747400283813477
  },
  "lnn": {
    "r2_theta": 0.9999768733978271,
    "mse_theta": 0.00011005270789610222,
    "r2_omega": 0.28179699182510376,
    "mse_omega": 9.363110542297363
  },
  "hnn+lnn": {
    "r2_theta": 0.9999802708625793,
    "mse_theta": 9.12676623556763e-05,
    "r2_omega": 0.3094382882118225,
    "mse_omega": 9.52114486694336
  }
}