{
  "\u0394_div": 0.09304005652666092,
  "E_drift": 2.857311964035034,
  "EL_res": 6.954030141059775e-06
}