{
  "\u0394_div": 0.14688582718372345,
  "E_drift": 6.593540191650391,
  "\u0394_rate": 0.0014153955271467566,
  "E_rate": 0.114023856818676,
  "r2_theta": 0.7992109060287476,
  "mse_theta": 0.9699060320854187,
  "r2_omega": -0.03456771373748779,
  "mse_omega": 13.037310600280762
}