{
  "\u0394_div": 17.14202880859375,
  "E_drift": 60.899559020996094,
  "EL_res": 0.00032239797292277217,
  "\u0394_rate": 0.27558836340904236,
  "E_rate": 1.0682724714279175,
  "EL_rate": 0.0010795692214742303,
  "r2_theta": 0.9891027808189392,
  "mse_theta": 0.061603814363479614,
  "r2_omega": 0.0014001727104187012,
  "mse_omega": 9.073615074157715
}