{
  "plain": {
    "\u0394_div": 0.1286066323518753,
    "E_drift": 10.646839141845703,
    "r2_theta": 0.9982693791389465,
    "mse_theta": 0.008597509004175663,
    "r2_omega": -0.10077619552612305,
    "mse_omega": 13.627165794372559
  },
  "hnn": {
    "\u0394_div": 0.09535356611013412,
    "E_drift": 1.3240388631820679,
    "r2_theta": 0.9976850748062134,
    "mse_theta": 0.011512278579175472,
    "r2_omega": 0.00015175342559814453,
    "mse_omega": 11.660670280456543
  },
  "lnn": {
    "\u0394_div": 1.662096381187439,
    "E_drift": 9.904672622680664,
    "EL_res": 6.440562719944865e-05,
    "r2_theta": 0.9970880746841431,
    "mse_theta": 0.014263665303587914,
    "r2_omega": -0.09645342826843262,
    "mse_omega": 13.519548416137695
  },
  "hnn+lnn": {
    "\u0394_div": 0.8412817716598511,
    "E_drift": 5.755987644195557,
    "EL_res": 1.3295075405039825e-05,
    "r2_theta": 0.9986498951911926,
    "mse_theta": 0.006819429341703653,
    "r2_omega": -0.009381532669067383,
    "mse_omega": 12.906837463378906
  }
}