{
  "\u0394_div": 1.0858218669891357,
  "E_drift": 6.378365516662598,
  "EL_res": 0.00019275544036645442,
  "\u0394_rate": 0.014609302394092083,
  "E_rate": 0.1169283539056778,
  "EL_rate": -1.6700674677849747e-05,
  "r2_theta": 0.8554864525794983,
  "mse_theta": 0.6653880476951599,
  "r2_omega": -0.010311007499694824,
  "mse_omega": 13.316917419433594
}