{
  "\u0394_div": 16.688671112060547,
  "E_drift": 63.85231399536133,
  "accel_mse": 221.19749450683594,
  "EL_res": 0.0014498119708150625,
  "\u0394_rate": 0.270288348197937,
  "E_rate": 1.1306325197219849,
  "EL_rate": 0.0011150166647752701,
  "r2_theta": 0.986986517906189,
  "mse_theta": 0.06336386501789093,
  "r2_omega": -0.04438126087188721,
  "mse_omega": 12.428030967712402
}