{
  "\u0394_div": 5.64369010925293,
  "E_drift": 10.100664138793945,
  "EL_res": 0.0002062821004074067,
  "\u0394_rate": 0.08693190664052963,
  "E_rate": 0.16645029187202454,
  "EL_rate": 0.00017002839013002813,
  "r2_theta": 0.7904654145240784,
  "mse_theta": 0.9431557059288025,
  "r2_omega": 0.00695568323135376,
  "mse_omega": 13.406916618347168
}