{
  "\u0394_div": 0.12103334814310074,
  "E_drift": 3.6059112548828125,
  "accel_mse": 35.773704528808594,
  "\u0394_rate": 0.0010310248471796513,
  "E_rate": 0.05993881821632385,
  "r2_theta": 0.9866188168525696,
  "mse_theta": 0.06480076909065247,
  "r2_omega": -0.011263370513916016,
  "mse_omega": 11.572257995605469
}