{
  "plain": {
    "\u0394_div": 0.12103334814310074,
    "E_drift": 3.6059112548828125,
    "accel_mse": 35.773704528808594,
    "\u0394_rate": 0.0010310248471796513,
    "E_rate": 0.05993881821632385,
    "r2_theta": 0.9866188168525696,
    "mse_theta": 0.06480076909065247,
    "r2_omega": -0.011263370513916016,
    "mse_omega": 11.572257995605469
  },
  "hnn": {
    "\u0394_div": 0.1275305449962616,
    "E_drift": 6.565873146057129,
    "accel_mse": 44.33602523803711,
    "\u0394_rate": 0.0011212031822651625,
    "E_rate": 0.11231374740600586,
    "r2_theta": 0.9831662774085999,
    "mse_theta": 0.08499673753976822,
    "r2_omega": -0.0032956600189208984,
    "mse_omega": 12.842092514038086
  },
  "lnn": {
    "\u0394_div": 16.688671112060547,
    "E_drift": 63.85231399536133,
    "accel_mse": 221.19749450683594,
    "EL_res": 0.0014498119708150625,
    "\u0394_rate": 0.270288348197937,
    "E_rate": 1.1306325197219849,
    "EL_rate": 0.0011150166647752701,
    "r2_theta": 0.986986517906189,
    "mse_theta": 0.06336386501789093,
    "r2_omega": -0.04438126087188721,
    "mse_omega": 12.428030967712402
  },
  "hnn+lnn": {
    "\u0394_div": 1.4493508338928223,
    "E_drift": 3.8550972938537598,
    "accel_mse": 55.359092712402344,
    "EL_res": 6.829584162915125e-05,
    "\u0394_rate": 0.020987970754504204,
    "E_rate": 0.06984515488147736,
    "EL_rate": -1.1245041845356807e-06,
    "r2_theta": 0.9841971397399902,
    "mse_theta": 0.07998750358819962,
    "r2_omega": -0.011943459510803223,
    "mse_omega": 13.3779296875
  }
}