{
  "\u0394_div": 0.13016152381896973,
  "E_drift": 10.764976501464844,
  "\u0394_rate": 0.0011638306314125657,
  "E_rate": 0.20927470922470093,
  "r2_theta": 0.9977660775184631,
  "mse_theta": 0.010543115437030792,
  "r2_omega": -0.09478318691253662,
  "mse_omega": 13.027575492858887
}