{
  "\u0394_div": 2.2575488090515137,
  "E_drift": 32.176422119140625,
  "EL_res": 0.01177224237471819,
  "\u0394_rate": 0.03935268521308899,
  "E_rate": 0.5461840033531189,
  "EL_rate": -0.0014190605143085122,
  "r2_theta": 0.9834588766098022,
  "mse_theta": 0.07330172508955002,
  "r2_omega": -0.25492429733276367,
  "mse_omega": 18.77631950378418
}