{
  "\u0394_div": 1.662096381187439,
  "E_drift": 9.904672622680664,
  "EL_res": 6.440562719944865e-05,
  "r2_theta": 0.9970880746841431,
  "mse_theta": 0.014263665303587914,
  "r2_omega": -0.09645342826843262,
  "mse_omega": 13.519548416137695
}