{
  "\u0394_div": 0.09535356611013412,
  "E_drift": 1.3240388631820679,
  "r2_theta": 0.9976850748062134,
  "mse_theta": 0.011512278579175472,
  "r2_omega": 0.00015175342559814453,
  "mse_omega": 11.660670280456543
}