{
  "plain": {
    "\u0394_div": 0.13039538264274597,
    "E_drift": 9.247186660766602,
    "\u0394_rate": 0.001135362428613007,
    "E_rate": 0.1709604561328888,
    "r2_theta": 0.9823926091194153,
    "mse_theta": 0.07623010873794556,
    "r2_omega": -0.07427334785461426,
    "mse_omega": 16.073875427246094
  },
  "hnn": {
    "\u0394_div": 0.1229209378361702,
    "E_drift": 2.3725202083587646,
    "\u0394_rate": 0.0010125815169885755,
    "E_rate": 0.04034701734781265,
    "r2_theta": 0.9835940003395081,
    "mse_theta": 0.06939084827899933,
    "r2_omega": -0.0012198686599731445,
    "mse_omega": 13.88819694519043
  },
  "lnn": {
    "\u0394_div": 2.2575488090515137,
    "E_drift": 32.176422119140625,
    "EL_res": 0.01177224237471819,
    "\u0394_rate": 0.03935268521308899,
    "E_rate": 0.5461840033531189,
    "EL_rate": -0.0014190605143085122,
    "r2_theta": 0.9834588766098022,
    "mse_theta": 0.07330172508955002,
    "r2_omega": -0.25492429733276367,
    "mse_omega": 18.77631950378418
  },
  "hnn+lnn": {
    "\u0394_div": 2.0032546520233154,
    "E_drift": 4.141020774841309,
    "EL_res": 0.0009183429065160453,
    "\u0394_rate": 0.03467268869280815,
    "E_rate": 0.08151163160800934,
    "EL_rate": 0.0005134029779583216,
    "r2_theta": 0.9893903732299805,
    "mse_theta": 0.04681335389614105,
    "r2_omega": -0.012967705726623535,
    "mse_omega": 14.365419387817383
  }
}