{
  "plain": {
    "\u0394_div": 0.13016152381896973,
    "E_drift": 10.764976501464844,
    "\u0394_rate": 0.0011638306314125657,
    "E_rate": 0.20927470922470093,
    "r2_theta": 0.9977660775184631,
    "mse_theta": 0.010543115437030792,
    "r2_omega": -0.09478318691253662,
    "mse_omega": 13.027575492858887
  },
  "hnn": {
    "\u0394_div": 0.09640827029943466,
    "E_drift": 1.2992708683013916,
    "\u0394_rate": 0.0005876548821106553,
    "E_rate": 0.021631063893437386,
    "r2_theta": 0.9974205493927002,
    "mse_theta": 0.012546190991997719,
    "r2_omega": -0.0028557777404785156,
    "mse_omega": 11.970643043518066
  },
  "lnn": {
    "\u0394_div": 1.5789142847061157,
    "E_drift": 10.40540599822998,
    "EL_res": 6.751908949809149e-05,
    "\u0394_rate": 0.025863194838166237,
    "E_rate": 0.1951659917831421,
    "EL_rate": 4.70393497380428e-05,
    "r2_theta": 0.9968818426132202,
    "mse_theta": 0.015525172464549541,
    "r2_omega": -0.10842037200927734,
    "mse_omega": 12.818190574645996
  },
  "hnn+lnn": {
    "\u0394_div": 0.8416229486465454,
    "E_drift": 6.003389835357666,
    "EL_res": 1.566460014146287e-05,
    "\u0394_rate": 0.00976292509585619,
    "E_rate": 0.10342460870742798,
    "EL_rate": 1.0835078683157917e-06,
    "r2_theta": 0.9985517263412476,
    "mse_theta": 0.007316774222999811,
    "r2_omega": -0.00478208065032959,
    "mse_omega": 12.67225170135498
  }
}