{
  "\u0394_div": 2.0032546520233154,
  "E_drift": 4.141020774841309,
  "EL_res": 0.0009183429065160453,
  "\u0394_rate": 0.03467268869280815,
  "E_rate": 0.08151163160800934,
  "EL_rate": 0.0005134029779583216,
  "r2_theta": 0.9893903732299805,
  "mse_theta": 0.04681335389614105,
  "r2_omega": -0.012967705726623535,
  "mse_omega": 14.365419387817383
}