{
  "\u0394_div": 0.11562493443489075,
  "E_drift": 6.485388278961182,
  "\u0394_rate": 0.0008953080396167934,
  "E_rate": 0.1111283227801323,
  "r2_theta": 0.9864399433135986,
  "mse_theta": 0.07657474279403687,
  "r2_omega": -0.07441794872283936,
  "mse_omega": 9.770679473876953
}