{
  "\u0394_div": 0.09668507426977158,
  "E_drift": 2.183084011077881,
  "\u0394_rate": 0.0007032237481325865,
  "E_rate": 0.03641071170568466,
  "r2_theta": 0.6909232139587402,
  "mse_theta": 1.4709182977676392,
  "r2_omega": -0.004147052764892578,
  "mse_omega": 14.591357231140137
}