{
  "\u0394_div": 1.4493508338928223,
  "E_drift": 3.8550972938537598,
  "accel_mse": 55.359092712402344,
  "EL_res": 6.829584162915125e-05,
  "\u0394_rate": 0.020987970754504204,
  "E_rate": 0.06984515488147736,
  "EL_rate": -1.1245041845356807e-06,
  "r2_theta": 0.9841971397399902,
  "mse_theta": 0.07998750358819962,
  "r2_omega": -0.011943459510803223,
  "mse_omega": 13.3779296875
}