{
  "\u0394_div": 1.5789142847061157,
  "E_drift": 10.40540599822998,
  "EL_res": 6.751908949809149e-05,
  "\u0394_rate": 0.025863194838166237,
  "E_rate": 0.1951659917831421,
  "EL_rate": 4.70393497380428e-05,
  "r2_theta": 0.9968818426132202,
  "mse_theta": 0.015525172464549541,
  "r2_omega": -0.10842037200927734,
  "mse_omega": 12.818190574645996
}