{
  "\u0394_div": 0.09640827029943466,
  "E_drift": 1.2992708683013916,
  "\u0394_rate": 0.0005876548821106553,
  "E_rate": 0.021631063893437386,
  "r2_theta": 0.9974205493927002,
  "mse_theta": 0.012546190991997719,
  "r2_omega": -0.0028557777404785156,
  "mse_omega": 11.970643043518066
}