{
  "\u0394_div": 0.13039538264274597,
  "E_drift": 9.247186660766602,
  "\u0394_rate": 0.001135362428613007,
  "E_rate": 0.1709604561328888,
  "r2_theta": 0.9823926091194153,
  "mse_theta": 0.07623010873794556,
  "r2_omega": -0.07427334785461426,
  "mse_omega": 16.073875427246094
}