{
  "\u0394_div": 0.8412817716598511,
  "E_drift": 5.755987644195557,
  "EL_res": 1.3295075405039825e-05,
  "r2_theta": 0.9986498951911926,
  "mse_theta": 0.006819429341703653,
  "r2_omega": -0.009381532669067383,
  "mse_omega": 12.906837463378906
}