{
  "\u0394_div": 1.0219931602478027,
  "E_drift": 3.229572057723999,
  "EL_res": 4.734433241537772e-05,
  "\u0394_rate": 0.014164895750582218,
  "E_rate": 0.057064641267061234,
  "EL_rate": 6.55624390333287e-08,
  "r2_theta": 0.9865544438362122,
  "mse_theta": 0.07422129809856415,
  "r2_omega": -0.01739370822906494,
  "mse_omega": 9.468069076538086
}