{
  "\u0394_div": 0.1286066323518753,
  "E_drift": 10.646839141845703,
  "r2_theta": 0.9982693791389465,
  "mse_theta": 0.008597509004175663,
  "r2_omega": -0.10077619552612305,
  "mse_omega": 13.627165794372559
}