{
  "\u0394_div": 0.1275305449962616,
  "E_drift": 6.565873146057129,
  "accel_mse": 44.33602523803711,
  "\u0394_rate": 0.0011212031822651625,
  "E_rate": 0.11231374740600586,
  "r2_theta": 0.9831662774085999,
  "mse_theta": 0.08499673753976822,
  "r2_omega": -0.0032956600189208984,
  "mse_omega": 12.842092514038086
}