{
  "plain": {
    "\u0394_div": 0.12404517084360123,
    "E_drift": 3.333500385284424,
    "\u0394_rate": 0.0010626398725435138,
    "E_rate": 0.055368583649396896,
    "r2_theta": 0.9884569644927979,
    "mse_theta": 0.06459350138902664,
    "r2_omega": -0.023591995239257812,
    "mse_omega": 10.72718334197998
  },
  "hnn": {
    "\u0394_div": 0.11562493443489075,
    "E_drift": 6.485388278961182,
    "\u0394_rate": 0.0008953080396167934,
    "E_rate": 0.1111283227801323,
    "r2_theta": 0.9864399433135986,
    "mse_theta": 0.07657474279403687,
    "r2_omega": -0.07441794872283936,
    "mse_omega": 9.770679473876953
  },
  "lnn": {
    "\u0394_div": 17.14202880859375,
    "E_drift": 60.899559020996094,
    "EL_res": 0.00032239797292277217,
    "\u0394_rate": 0.27558836340904236,
    "E_rate": 1.0682724714279175,
    "EL_rate": 0.0010795692214742303,
    "r2_theta": 0.9891027808189392,
    "mse_theta": 0.061603814363479614,
    "r2_omega": 0.0014001727104187012,
    "mse_omega": 9.073615074157715
  },
  "hnn+lnn": {
    "\u0394_div": 1.0219931602478027,
    "E_drift": 3.229572057723999,
    "EL_res": 4.734433241537772e-05,
    "\u0394_rate": 0.014164895750582218,
    "E_rate": 0.057064641267061234,
    "EL_rate": 6.55624390333287e-08,
    "r2_theta": 0.9865544438362122,
    "mse_theta": 0.07422129809856415,
    "r2_omega": -0.01739370822906494,
    "mse_omega": 9.468069076538086
  }
}