{
  "\u0394_div": 0.13054651021957397,
  "E_drift": 3.9266250133514404,
  "\u0394_rate": 0.0011595814721658826,
  "E_rate": 0.06607251614332199,
  "r2_theta": 0.9865446090698242,
  "mse_theta": 0.06468270719051361,
  "r2_omega": -0.02068793773651123,
  "mse_omega": 12.617152214050293
}