{
  "\u0394_div": 0.1229209378361702,
  "E_drift": 2.3725202083587646,
  "\u0394_rate": 0.0010125815169885755,
  "E_rate": 0.04034701734781265,
  "r2_theta": 0.9835940003395081,
  "mse_theta": 0.06939084827899933,
  "r2_omega": -0.0012198686599731445,
  "mse_omega": 13.88819694519043
}