{
  "\u0394_div": 0.8416229486465454,
  "E_drift": 6.003389835357666,
  "EL_res": 1.566460014146287e-05,
  "\u0394_rate": 0.00976292509585619,
  "E_rate": 0.10342460870742798,
  "EL_rate": 1.0835078683157917e-06,
  "r2_theta": 0.9985517263412476,
  "mse_theta": 0.007316774222999811,
  "r2_omega": -0.00478208065032959,
  "mse_omega": 12.67225170135498
}