{
  "plain": {
    "\u0394_div": 0.14688582718372345,
    "E_drift": 6.593540191650391,
    "\u0394_rate": 0.0014153955271467566,
    "E_rate": 0.114023856818676,
    "r2_theta": 0.7992109060287476,
    "mse_theta": 0.9699060320854187,
    "r2_omega": -0.03456771373748779,
    "mse_omega": 13.037310600280762
  },
  "hnn": {
    "\u0394_div": 0.09668507426977158,
    "E_drift": 2.183084011077881,
    "\u0394_rate": 0.0007032237481325865,
    "E_rate": 0.03641071170568466,
    "r2_theta": 0.6909232139587402,
    "mse_theta": 1.4709182977676392,
    "r2_omega": -0.004147052764892578,
    "mse_omega": 14.591357231140137
  },
  "lnn": {
    "\u0394_div": 5.64369010925293,
    "E_drift": 10.100664138793945,
    "EL_res": 0.0002062821004074067,
    "\u0394_rate": 0.08693190664052963,
    "E_rate": 0.16645029187202454,
    "EL_rate": 0.00017002839013002813,
    "r2_theta": 0.7904654145240784,
    "mse_theta": 0.9431557059288025,
    "r2_omega": 0.00695568323135376,
    "mse_omega": 13.406916618347168
  },
  "hnn+lnn": {
    "\u0394_div": 1.0858218669891357,
    "E_drift": 6.378365516662598,
    "EL_res": 0.00019275544036645442,
    "\u0394_rate": 0.014609302394092083,
    "E_rate": 0.1169283539056778,
    "EL_rate": -1.6700674677849747e-05,
    "r2_theta": 0.8554864525794983,
    "mse_theta": 0.6653880476951599,
    "r2_omega": -0.010311007499694824,
    "mse_omega": 13.316917419433594
  }
}